username,password,checking,savings
iamstinky,notstinky,5901000.0,0.0
zgauthier,CodyIsSmall4,313.47700000000003,100000.0
Lebobo37,QWERTY676767,1974.98,0.0
caleb,123456789,3.979356651071219e+19,0.0
cschappert,1234,100.0,0.0
joonberry,123456789,1000000.0,0.0
codyishandsome,poppy777,5687.0,0.0
