username,password,checking,savings
iamstinky,notstinky,5901000.0,0.0
zgauthier,CodyIsSmall4,313.47700000000003,100000.0
Lebobo37,QWERTY676767,1974.98,0.0
caleb,123456789,3.979356651071219e+19,0.0
cschappert,1234,18.0,2976.0
joonberry,123456789,1000000.0,0.0
codyishandsome,poppy777,5687.0,0.0
cjschappert,mickey,497.60354,1000.0
Alcron,jeff,3200.0,100.0002
login,password,10000.009,157.0
TimCheese,cheesetim,1000.0099999981373,500.0
CodySchappert1234,Hello_123,1234.1460000000006,12346.0
